Date,Total
7/1/2026 (Wed),118.95
7/2/2026 (Thu),133.71
7/3/2026 (Fri),182.56
7/4/2026 (Sat),171.57
7/5/2026 (Sun),84.05
7/6/2026 (Mon),92.03
7/7/2026 (Tue),21.18
7/8/2026 (Wed),119.43
7/9/2026 (Thu),77.06
7/10/2026 (Fri),110.49
7/11/2026 (Sat),261.5
7/13/2026 (Mon),96.95
7/14/2026 (Tue),326.45
7/15/2026 (Wed),124.73
7/16/2026 (Thu),121.26
7/17/2026 (Fri),182.37
7/18/2026 (Sat),144.05
7/20/2026 (Mon),84.94
7/21/2026 (Tue),118.64
7/22/2026 (Wed),140.9
7/23/2026 (Thu),138.14
7/24/2026 (Fri),165.66
7/25/2026 (Sat),161.06
7/26/2026 (Sun),95.97
7/27/2026 (Mon),92.59
7/28/2026 (Tue),138.44
7/29/2026 (Wed),109.93
7/30/2026 (Thu),109.03
7/31/2026 (Fri),98.57
8/1/2026 (Sat),193.7
8/2/2026 (Sun),72.85
8/3/2026 (Mon),120.63
8/4/2026 (Tue),99.14
8/5/2026 (Wed),129.1
8/6/2026 (Thu),121.43
8/7/2026 (Fri),148.45
8/8/2026 (Sat),176.82
8/10/2026 (Mon),121.85
8/11/2026 (Tue),122.38
8/12/2026 (Wed),100.14
8/13/2026 (Thu),103.5
8/15/2026 (Sat),154.65
8/16/2026 (Sun),79.72
8/17/2026 (Mon),115.83
8/18/2026 (Tue),123.57
8/19/2026 (Wed),102.31
8/20/2026 (Thu),122.34
8/21/2026 (Fri),136.52
8/22/2026 (Sat),150.74
8/23/2026 (Sun),113.11
8/24/2026 (Mon),30.98
8/25/2026 (Tue),125.25
8/26/2026 (Wed),93.97
8/27/2026 (Thu),123.18
8/28/2026 (Fri),153.72
8/29/2026 (Sat),218.24
8/30/2026 (Sun),100.73
8/31/2026 (Mon),115.41
9/1/2026 (Tue),79.83
9/2/2026 (Wed),75.14
9/3/2026 (Thu),107.92
9/4/2026 (Fri),102.21
9/5/2026 (Sat),157.61
9/7/2026 (Mon),92.74
9/8/2026 (Tue),97.32
9/9/2026 (Wed),98.59
9/10/2026 (Thu),116.64
9/11/2026 (Fri),90.5
9/12/2026 (Sat),159.77
9/14/2026 (Mon),93.12
9/15/2026 (Tue),110.53
9/16/2026 (Wed),114.45
9/17/2026 (Thu),109.46
9/18/2026 (Fri),50.67
9/19/2026 (Sat),136.71
9/20/2026 (Sun),86.6
9/21/2026 (Mon),99.28
9/23/2026 (Wed),121.24
9/24/2026 (Thu),121.51
9/26/2026 (Sat),162.74
9/27/2026 (Sun),93.27
9/28/2026 (Mon),98.57
9/29/2026 (Tue),88.37
9/30/2026 (Wed),97.1
10/1/2026 (Thu),129.9
10/2/2026 (Fri),218.35
10/3/2026 (Sat),201.63
10/4/2026 (Sun),112.68
10/5/2026 (Mon),19.25
10/6/2026 (Tue),130.09
10/7/2026 (Wed),105.83
10/8/2026 (Thu),161.33
10/9/2026 (Fri),161.89
10/10/2026 (Sat),485.38
10/11/2026 (Sun),74.37
10/12/2026 (Mon),23.95
10/13/2026 (Tue),17.57
10/14/2026 (Wed),89.12
10/15/2026 (Thu),80.99
10/16/2026 (Fri),172.77
10/17/2026 (Sat),181.67
10/19/2026 (Mon),135.64
10/20/2026 (Tue),104.26
10/21/2026 (Wed),109.17
10/22/2026 (Thu),138.52
10/23/2026 (Fri),122.64
10/24/2026 (Sat),183.52
10/26/2026 (Mon),89.24
10/27/2026 (Tue),107.52
10/28/2026 (Wed),110.27
10/29/2026 (Thu),110.85
10/30/2026 (Fri),40.48
10/31/2026 (Sat),161.45
